[
    {"pk": 1, "model": "products.category", "fields": {"name": "wheelchairs", "friendly_name": "Wheelchairs"}},
    {"pk": 2, "model": "products.category", "fields": {"name": "transport_carts", "friendly_name": "Transport Carts"}},
    {"pk": 3, "model": "products.category", "fields": {"name": "heavy_duty_wheels", "friendly_name": "Heavy-Duty Wheels"}},
    {"pk": 4, "model": "products.category", "fields": {"name": "lightweight_wheels", "friendly_name": "Lightweight Wheels"}},
    {"pk": 5, "model": "products.category", "fields": {"name": "industrial_accessories", "friendly_name": "Industrial Accessories"}},
    {"pk": 6, "model": "products.category", "fields": {"name": "maintenance_kits", "friendly_name": "Maintenance Kits"}},
    {"pk": 7, "model": "products.category", "fields": {"name": "new_releases", "friendly_name": "New Releases"}},
    {"pk": 8, "model": "products.category", "fields": {"name": "clearance_items", "friendly_name": "Clearance Items"}},
    {"pk": 9, "model": "products.category", "fields": {"name": "specialty_wheels", "friendly_name": "Specialty Wheels"}}
]
